id,scope,status,source_audit,literature_check,priority,notes
O1,entry; split subparts before research,status_unverified,pending,pending,,
O2,entry; split subparts before research,status_unverified,pending,pending,,
O3,entry; split subparts before research,status_unverified,pending,pending,,
O4,entry; split subparts before research,status_unverified,pending,pending,,
O5,entry; split subparts before research,status_unverified,pending,pending,,
O6,entry; split subparts before research,status_unverified,pending,pending,,
O7,entry; split subparts before research,status_unverified,pending,pending,,
O8,entry; split subparts before research,prior_resolution_evidence_scope_check_needed,pending,pending,,
O9,entry; split subparts before research,prior_resolution_evidence_scope_check_needed,pending,pending,,
O10,entry; split subparts before research,prior_resolution_evidence_scope_check_needed,pending,pending,,
O11,entry; split subparts before research,status_unverified,pending,pending,,
O12,entry; split subparts before research,prior_resolution_evidence_scope_check_needed,pending,pending,,
AUX1,entry; split subparts before research,prior_resolution_evidence_scope_check_needed,pending,pending,,
AUX2,entry; split subparts before research,status_unverified,pending,pending,,
AUX3,entry; split subparts before research,status_unverified,pending,pending,,
AUX4,entry; split subparts before research,status_unverified,pending,pending,,
AUX5,entry; split subparts before research,status_unverified,pending,pending,,
F1,entry; split subparts before research,prior_resolution_evidence_scope_check_needed,pending,primary_rank_two_theorem_inspected,,Lee arXiv:0802.0584 explicitly settles F1(b) fixed-subgroup recognition in rank two. Preserve other scopes for separate audit.
F2,entry; split subparts before research,prior_resolution_evidence_scope_check_needed,pending,pending,,
F3,entry; split subparts before research,prior_resolution_evidence_scope_check_needed,pending,pending,,
F4,entry; split subparts before research,prior_resolution_evidence_scope_check_needed,pending,pending,,
F5,entry; split subparts before research,status_unverified,pending,pending,,
F6,entry; split subparts before research,status_unverified,pending,pending,,
F7,entry; split subparts before research,prior_resolution_evidence_scope_check_needed,pending,pending,,
F8,whole entry,known_positive,pending,primary_corollary_checked,retire,Antolin–Jaikin-Zapirain 2022 Corollary 1.5 expressly proves fixed subgroups of endomorphisms inert.
F9,entry; split subparts before research,status_unverified,pending,pending,,
F10,entry; split subparts before research,prior_resolution_evidence_scope_check_needed,pending,pending,,
F11,entry; split subparts before research,known_negative_rediscovered,original_render_inspected,primary_paper_read,retire,"Snopce–Tanushevski–Zalesskii 2019 Theorem A(ii), Example 3.5; own index-three construction is a rediscovery."
F12,entry; split subparts before research,prior_resolution_evidence_scope_check_needed,pending,pending,,
F13,entry; split subparts before research,status_unverified,pending,pending,,
F14,entry; split subparts before research,status_unverified,pending,pending,,
F15,entry; split subparts before research,prior_positive_preprint,pending,primary_abstract_theorem_checked,retire_pending_check,Tursunbaev arXiv:2609.06755; same nontrivial commutator subgroup implies same free subgroup.
F16,entry; split subparts before research,prior_resolution_evidence_scope_check_needed,pending,pending,,
F17,entry; split subparts before research,prior_resolution_evidence_scope_check_needed,pending,pending,,
F18,entry; split subparts before research,prior_resolution_evidence_scope_check_needed,pending,pending,,
F19,entry; split subparts before research,prior_resolution_evidence_scope_check_needed,pending,pending,,
F20,entry; split subparts before research,status_unverified,pending,pending,,
F21,entry; split subparts before research,prior_resolution_evidence_scope_check_needed,pending,pending,,
F22,entry; split subparts before research,prior_resolution_evidence_scope_check_needed,pending,pending,,
F23,entry; split subparts before research,status_unverified,pending,pending,,
F24,entry; split subparts before research,prior_resolution_evidence_scope_check_needed,pending,pending,,
F25,entry; split subparts before research,prior_resolution_evidence_scope_check_needed,pending,pending,,
F26,entry; split subparts before research,status_unverified,pending,pending,,
F27,entry; split subparts before research,status_unverified,pending,pending,,
F28,whole entry; all forward-invariant subgroups,whole_entry_candidate,original_render_inspected,nearby_primary_results_checked_novelty_provisional,independent_review,Explicit elliptic rational conjugation; problems/F28/proof.md. Both subgroups index two; no nontrivial invariant subgroup. Exact and GAP checks passed.
F29,entry; split subparts before research,prior_resolution_evidence_scope_check_needed,pending,pending,,
F30,entry; split subparts before research,prior_positive_preprint,pending,primary_paper_located,retire_pending_check,Jaikin-Zapirain Free groups are L2-subgroup rigid; revised 2026-02-03. Compressed implies inert.
F31,entry; split subparts before research,prior_negative_preprint,pending,primary_abstract_checked,retire_pending_check,"Lei–Zhang arXiv:2604.24502; equalizers of two injections F_n to F_2 have rank at least 2n-2, n>=3."
F32,entry; split subparts before research,prior_resolution_evidence_scope_check_needed,pending,pending,,
F33,entry; split subparts before research,prior_resolution_evidence_scope_check_needed,pending,pending,,
F34,F34(a): rank two known; higher ranks unresolved here. F34(b): website prior negative answer.,prior_resolution_evidence_scope_check_needed,pending,primary_rank_two_theorem_inspected,,Lee arXiv:0802.0584 explicitly settles F34(a) in rank two; Shpilrain survey arXiv:2510.00889 records later quadratic algorithm. Do not count rank two as new.
F35,whole entry; every finite rank >=2,prior_resolution,pending,primary_theorem_inspected,exclude_from_new_count,"Coulon-Fournier-Facio arXiv:2312.11684v4, Theorem 1.1: continuum many infinite simple characteristic quotients for every rank >=2. First preprint 2023; accepted version September 2026 archived. Not our result."
F36,entry; split subparts before research,status_unverified,pending,pending,,
F37,entry; split subparts before research,status_unverified,pending,rank_two_known_definability_consequence,,Rank-two primitive length is an immediate consequence of the classical Nielsen commutator criterion and Makanin decidability; primitive definability explicitly recorded in Kharlampovich-Myasnikov ICM2014 Example 2.4. Derived here but excluded as a routine known-theorem consequence; higher rank unresolved.
F38,"F38(a),(c): rank two known; higher ranks unresolved here. F38(b): website prior positive answer.",prior_resolution_evidence_scope_check_needed,pending,primary_rank_two_theorem_inspected,,Lee arXiv:0802.0584 explicitly settles bounded translation equivalence F38(c) in rank two and cites earlier rank-two F38(a) algorithm.
F39,entry; split subparts before research,prior_resolution_evidence_scope_check_needed,pending,pending,,
F40,entry; split subparts before research,prior_positive_preprint,pending,primary_abstract_checked,retire_pending_check,Koch-Hyde–OConnor–Olive–Shpilrain arXiv:2505.00477 orbit-blocking words.
F41,entry; split subparts before research,status_unverified,pending,pending,,
F42,entry; split subparts before research,known_solution_rediscovered,original_render_inspected,primary_paper_read,retire,Koch-Hyde–Olive arXiv:2609.00382v2 Theorem 1.9 answers sphere and ball; own formula matches.
OR1,entry; split subparts before research,prior_resolution_evidence_scope_check_needed,pending,pending,,
OR2,entry; split subparts before research,status_unverified,pending,pending,,
OR3,entry; split subparts before research,status_unverified,pending,pending,,
OR4,entry; split subparts before research,status_unverified,pending,pending,,
OR5,entry; split subparts before research,status_unverified,pending,pending,,
OR6,entry; split subparts before research,status_unverified,pending,pending,,
OR7,entry; split subparts before research,prior_resolution_evidence_scope_check_needed,pending,pending,,
OR8,entry; split subparts before research,status_unverified,pending,pending,,
OR9,entry; split subparts before research,prior_resolution_evidence_scope_check_needed,pending,pending,,
OR10,entry; split subparts before research,status_unverified,pending,pending,,
OR11,entry; split subparts before research,status_unverified,pending,pending,,
OR12,entry; split subparts before research,status_unverified,pending,pending,,
OR13,entry; split subparts before research,status_unverified,pending,pending,,
OR14,entry; split subparts before research,status_unverified,pending,pending,,
OR15,entry; split subparts before research,status_unverified,pending,pending,,
OR16,entry; split subparts before research,prior_resolution_evidence_scope_check_needed,pending,pending,,
FP1,entry; split subparts before research,status_unverified,pending,pending,,
FP2,entry; split subparts before research,status_unverified,pending,pending,,
FP3,entry; split subparts before research,prior_resolution_evidence_scope_check_needed,pending,pending,,
FP4,entry; split subparts before research,prior_resolution_evidence_scope_check_needed,pending,pending,,
FP5,entry; split subparts before research,status_unverified,pending,pending,,
FP6,entry; split subparts before research,status_unverified,pending,pending,,
FP7,entry; split subparts before research,prior_resolution_evidence_scope_check_needed,pending,pending,,
FP8,entry; split subparts before research,prior_resolution_evidence_scope_check_needed,pending,pending,,
FP9,entry; split subparts before research,status_unverified,pending,pending,,
FP10,entry; split subparts before research,status_unverified,pending,pending,,
FP11,entry; split subparts before research,status_unverified,pending,pending,,
FP12,entry; split subparts before research,status_unverified,pending,pending,,
FP13,entry; split subparts before research,status_unverified,pending,pending,,
FP14,entry; split subparts before research,prior_resolution_evidence_scope_check_needed,pending,pending,,
FP15,entry; split subparts before research,prior_resolution_evidence_scope_check_needed,pending,pending,,
FP16,entry; split subparts before research,status_unverified,pending,pending,,
FP17,entry; split subparts before research,status_unverified,pending,pending,,
FP18,entry; split subparts before research,prior_resolution_evidence_scope_check_needed,pending,pending,,
FP19,entry; split subparts before research,status_unverified,pending,pending,,
FP20,entry; split subparts before research,prior_resolution_evidence_scope_check_needed,pending,pending,,
FP21,entry; split subparts before research,status_unverified,pending,pending,,
FP22,entry; split subparts before research,status_unverified,pending,pending,,
FP23,entry; split subparts before research,status_unverified,pending,pending,,
FP24,entry; split subparts before research,status_unverified,pending,pending,,
B1,entry; split subparts before research,prior_resolution_evidence_scope_check_needed,pending,pending,,
B2,entry; split subparts before research,status_unverified,pending,pending,,
B3,entry; split subparts before research,status_unverified,pending,pending,,
B4,entry; split subparts before research,status_unverified,pending,pending,,
B5,entry; split subparts before research,prior_resolution_evidence_scope_check_needed,pending,pending,,
B6,entry; split subparts before research,prior_resolution_evidence_scope_check_needed,pending,pending,,
B7,entry; split subparts before research,prior_resolution_evidence_scope_check_needed,pending,pending,,
B8,entry; split subparts before research,status_unverified,pending,pending,,
B9,entry; split subparts before research,status_unverified,pending,pending,,
B10,entry; split subparts before research,prior_resolution_evidence_scope_check_needed,pending,pending,,
B11,entry; split subparts before research,prior_solution_announced,pending,primary_seminar_abstract,literature_followup,Mark Shoemaker BYU seminar 2025-02-26 explicitly announces image of Burau representation torsion-free; full proof sought.
B12,entry; split subparts before research,status_unverified,pending,nearby_primary_paper_checked,research,Mangioni–Sisto Theorem B distinguishes B4 quotients from higher braid groups; does not itself settle existence for higher braid groups.
B13,entry; split subparts before research,status_unverified,pending,pending,,
G1,entry; split subparts before research,status_unverified,pending,pending,,
G2,entry; split subparts before research,status_unverified,pending,pending,,
G3,entry; split subparts before research,prior_resolution_evidence_scope_check_needed,pending,pending,,
G4,entry; split subparts before research,prior_resolution_evidence_scope_check_needed,pending,pending,,
G5,entry; split subparts before research,status_unverified,pending,pending,,
G6,entry; split subparts before research,status_unverified,pending,pending,,
G7,entry; split subparts before research,status_unverified,pending,pending,,
G8,entry; split subparts before research,prior_resolution_evidence_scope_check_needed,pending,pending,,
G9,entry; split subparts before research,status_unverified,pending,pending,,
G10,entry; split subparts before research,status_unverified,pending,pending,,
G11,entry; split subparts before research,status_unverified,pending,pending,,
E1,entry; split subparts before research,status_unverified,pending,pending,,
E2,entry; split subparts before research,status_unverified,pending,pending,,
E3,entry; split subparts before research,prior_resolution_evidence_scope_check_needed,pending,pending,,
E4,entry; split subparts before research,status_unverified,pending,pending,,
E5,entry; split subparts before research,status_unverified,pending,pending,,
E6,entry; split subparts before research,status_unverified,pending,pending,,
A1,entry; split subparts before research,status_unverified,pending,pending,,
A2,entry; split subparts before research,prior_resolution_evidence_scope_check_needed,pending,pending,,
A3,whole entry,known_positive,pending,primary_theorem_checked,retire,"Rauzy arXiv:2002.02541 Theorem 29, citing Bridson–Wilton/Slobodskoi, states exactly a finitely presented group with undecidable word problem in its maximal residually finite quotient."
A4,entry; split subparts before research,status_unverified,pending,pending,,
A5,whole entry,prior_positive_preprint,pending,primary_abstract_theorem_checked,retire_pending_check,"Jayadevan arXiv:2609.10281 Theorem 1.1, 9 September 2026, claims effective enumeration. Proof/formalization not audited here."
A6,entry; split subparts before research,status_unverified,pending,pending,,
C1,entry; split subparts before research,prior_resolution_evidence_scope_check_needed,pending,pending,,
C2,entry; split subparts before research,status_unverified,pending,pending,,
C3,entry; split subparts before research,prior_resolution_evidence_scope_check_needed,pending,pending,,
C4,entry; split subparts before research,status_unverified,pending,pending,,
MA1,entry; split subparts before research,status_unverified,pending,preprint_version_caution,,Knudson 0808.1239 v1 elementary-generation claim absent from v2 abstract. Do not infer a resolution from v1.
MA2,entry; split subparts before research,prior_resolution_evidence_scope_check_needed,pending,pending,,
MA3,entry; split subparts before research,status_unverified,pending,pending,,
MA4,entry; split subparts before research,status_unverified,pending,pending,,
MA5,entry; split subparts before research,status_unverified,pending,pending,,
MA6,entry; split subparts before research,status_unverified,pending,pending,,
MA7,intended scope requires n>2 / nonscalar clarification,statement_scope_caution,pending,related_primary_problem_checked,clarify_intended_scope,Related Kourovka 16.23 includes n>2 and nonscalar modulo every proper ideal. Do not count an elementary n=2 finite-field counterexample as an intended resolution.
H1,entry; split subparts before research,status_unverified,pending,pending,,
H2,entry; split subparts before research,prior_resolution_evidence_scope_check_needed,pending,pending,,
H3,entry; split subparts before research,prior_resolution_evidence_scope_check_needed,pending,pending,,
H4,entry; split subparts before research,status_unverified,pending,pending,,
H5,entry; split subparts before research,status_unverified,pending,pending,,
H6,entry; split subparts before research,status_unverified,pending,pending,,
H7,entry; split subparts before research,status_unverified,pending,pending,,
H8,entry; split subparts before research,status_unverified,pending,pending,,
H9,entry; split subparts before research,status_unverified,pending,pending,,
H10,entry; split subparts before research,status_unverified,pending,pending,,
H11,entry; split subparts before research,status_unverified,pending,pending,,
H12,entry; split subparts before research,status_unverified,pending,pending,,
H13,entry; split subparts before research,status_unverified,pending,pending,,
H14,entry; split subparts before research,prior_resolution_evidence_scope_check_needed,pending,pending,,
H15,entry; split subparts before research,status_unverified,pending,pending,,
H16,entry; split subparts before research,status_unverified,pending,pending,,
H17,entry; split subparts before research,status_unverified,pending,pending,,
H18,entry; split subparts before research,status_unverified,pending,pending,,
N1,entry; split subparts before research,prior_resolution_evidence_scope_check_needed,pending,pending,,
N2,entry; split subparts before research,prior_resolution_evidence_scope_check_needed,pending,pending,,
N3,entry; split subparts before research,status_unverified,pending,pending,,
N4,entry; split subparts before research,status_unverified,pending,pending,,
N5,"whole entry, including torsion; finite presentation promised nilpotent",whole_entry_candidate,original_render_inspected,primary_sources_checked_novelty_provisional,independent_review,"Candidate uniform positive algorithm: finite rational-support enumeration modulo the centre, then integral central-extension lifting. Full proof and audit in problems/N5/. 120 centre tests/54 GAP projections;82 finite groups/32 GAP decompositions;7 infinite groups/4 GAP decompositions. General rational stage invoked as prior effective machinery, not fully implemented. Novelty provisional."
N6,entry; split subparts before research,status_unverified,pending,pending,,
N7,entry; split subparts before research,status_unverified,pending,pending,,
N8,N8(b): classes three through five; arbitrary-class nonzero-degree-two and central targets,partial_candidate,original_render_inspected,primary_sources_checked_novelty_provisional,verify_and_extend,"Candidate constructive algorithms in all finite ranks. Proofs: class3-proof.md, class4-proof.md, class5-proof.md, independent-abelianization-proof.md, central-target-proof.md. IA:32 direct records/16 GAP witnesses/12 class5 comparisons. Central:54 records/35 GAP witnesses. Intermediate target layers in classes >=6 remain unresolved. Same one partial candidate; novelty provisional."
N9,N9(a): fixed ambient group,status_unverified,pending,original_background_and_primary_abstract,research,Website background explicitly distinguishes uniform undecidability from existence of a fixed group with undecidable retract problem. Preserve this gap.
M0,whole entry: all finite ranks; potentially new range rank >=3,whole_entry_candidate,original_M0_and_F3_fragments_and_renderings_checked,primary_1992_2015_2020_checked_novelty_provisional,independent_review,Finite-field singular Fox matrix detected by explicit primitive-word orbit; full proof and audit; 177 exact Python records and 177 independent GAP affine-matrix/free-basis checks. Rank <=2 prior. No external review.
M1,entry; split subparts before research,status_unverified,pending,pending,,
M2,entry; split subparts before research,status_unverified,pending,pending,,
M3,entry; split subparts before research,status_unverified,pending,pending,,
M4,entry; split subparts before research,status_unverified,pending,pending,,
M5,entry; split subparts before research,status_unverified,pending,pending,,
M6,entry; split subparts before research,prior_resolution_evidence_scope_check_needed,pending,pending,,
M7,entry; split subparts before research,prior_resolution_evidence_scope_check_needed,pending,pending,,
S1,entry; split subparts before research,status_unverified,pending,pending,,
S2,entry; split subparts before research,status_unverified,pending,pending,,
S3,entry; split subparts before research,status_unverified,pending,pending,,
S4,entry; split subparts before research,status_unverified,pending,pending,,
S5,entry; split subparts before research,status_unverified,pending,pending,,
S6,entry; split subparts before research,status_unverified,pending,pending,,
S7,entry; split subparts before research,status_unverified,pending,pending,,
S8,entry; split subparts before research,status_unverified,pending,pending,,
S9,entry; split subparts before research,prior_resolution_evidence_scope_check_needed,pending,pending,,
GA1,entry; split subparts before research,status_unverified,pending,pending,,
GA2,entry; split subparts before research,status_unverified,pending,pending,,
GA3,entry; split subparts before research,status_unverified,pending,pending,,
GA4,entry; split subparts before research,status_unverified,pending,pending,,
GA5,"(b) answered previously; (a),(c) separate",partial_prior_solution,full_HTML_fragment_and_rendering_checked,Bartholdi_Sidki_Theorem_1_2_full_binary_scope_checked,split_subparts,Bartholdi-Sidki arXiv:1805.04732 Theorem 1.2 (2018; published 2020) gives infinite countable free abelian binary self-similar action. Exact prior positive answer to (b). 2023 Theorem C concerns a different intransitive construction. Do not count as new.
