id,category,site_heading_star,site_starred_parts,hall_of_fame_labels,triage_status,research_status,source_path,start_line
O1,Outstanding problems,False,,,status_unverified,not_started,sources/raw/probout.html,12
O2,Outstanding problems,False,,,status_unverified,not_started,sources/raw/probout.html,27
O3,Outstanding problems,False,,,status_unverified,not_started,sources/raw/probout.html,33
O4,Outstanding problems,False,,,status_unverified,not_started,sources/raw/probout.html,41
O5,Outstanding problems,False,,,status_unverified,not_started,sources/raw/probout.html,44
O6,Outstanding problems,False,,,status_unverified,not_started,sources/raw/probout.html,47
O7,Outstanding problems,False,,,status_unverified,not_started,sources/raw/probout.html,50
O8,Outstanding problems,True,,"(O8)(a), (b); (O8)(a)",prior_resolution_evidence_scope_check_needed,not_started,sources/raw/probout.html,66
O9,Outstanding problems,True,,(O9); (O9),prior_resolution_evidence_scope_check_needed,not_started,sources/raw/probout.html,75
O10,Outstanding problems,True,,(O10); (O10),prior_resolution_evidence_scope_check_needed,not_started,sources/raw/probout.html,79
O11,Outstanding problems,False,,,status_unverified,not_started,sources/raw/probout.html,83
O12,Outstanding problems,False,,,prior_resolution_evidence_scope_check_needed,not_started,sources/raw/probout.html,86
AUX1,Auxiliary problems,True,,(AUX1),prior_resolution_evidence_scope_check_needed,not_started,sources/raw/probaux.html,21
AUX2,Auxiliary problems,False,,,status_unverified,not_started,sources/raw/probaux.html,33
AUX3,Auxiliary problems,False,,,status_unverified,not_started,sources/raw/probaux.html,43
AUX4,Auxiliary problems,False,,,status_unverified,not_started,sources/raw/probaux.html,61
AUX5,Auxiliary problems,False,,,status_unverified,not_started,sources/raw/probaux.html,68
F1,Free groups,False,a,(F1(a)),prior_resolution_evidence_scope_check_needed,not_started,sources/raw/probfree.html,18
F2,Free groups,True,,(F2),prior_resolution_evidence_scope_check_needed,not_started,sources/raw/probfree.html,27
F3,Free groups,True,,(F3),prior_resolution_evidence_scope_check_needed,not_started,sources/raw/probfree.html,31
F4,Free groups,True,,(F4),prior_resolution_evidence_scope_check_needed,not_started,sources/raw/probfree.html,37
F5,Free groups,False,,,status_unverified,not_started,sources/raw/probfree.html,46
F6,Free groups,False,,,status_unverified,not_started,sources/raw/probfree.html,50
F7,Free groups,True,,(F7),prior_resolution_evidence_scope_check_needed,not_started,sources/raw/probfree.html,53
F8,Free groups,False,,,status_unverified,not_started,sources/raw/probfree.html,61
F9,Free groups,False,,,status_unverified,not_started,sources/raw/probfree.html,65
F10,Free groups,True,,(F10),prior_resolution_evidence_scope_check_needed,not_started,sources/raw/probfree.html,69
F11,Free groups,False,,,status_unverified,not_started,sources/raw/probfree.html,73
F12,Free groups,True,,(F12),prior_resolution_evidence_scope_check_needed,not_started,sources/raw/probfree.html,77
F13,Free groups,False,,,status_unverified,not_started,sources/raw/probfree.html,86
F14,Free groups,False,,,status_unverified,not_started,sources/raw/probfree.html,89
F15,Free groups,False,,,status_unverified,not_started,sources/raw/probfree.html,93
F16,Free groups,True,,(F16),prior_resolution_evidence_scope_check_needed,not_started,sources/raw/probfree.html,97
F17,Free groups,True,,"(F17),",prior_resolution_evidence_scope_check_needed,not_started,sources/raw/probfree.html,105
F18,Free groups,True,,,prior_resolution_evidence_scope_check_needed,not_started,sources/raw/probfree.html,112
F19,Free groups,True,,"(F19) (a), (b)",prior_resolution_evidence_scope_check_needed,not_started,sources/raw/probfree.html,123
F20,Free groups,False,,,status_unverified,not_started,sources/raw/probfree.html,136
F21,Free groups,True,,(F21),prior_resolution_evidence_scope_check_needed,not_started,sources/raw/probfree.html,140
F22,Free groups,True,,(F22),prior_resolution_evidence_scope_check_needed,not_started,sources/raw/probfree.html,145
F23,Free groups,False,,,status_unverified,not_started,sources/raw/probfree.html,150
F24,Free groups,False,a,,prior_resolution_evidence_scope_check_needed,not_started,sources/raw/probfree.html,154
F25,Free groups,False,b,(F25(b)),prior_resolution_evidence_scope_check_needed,not_started,sources/raw/probfree.html,162
F26,Free groups,False,,,status_unverified,not_started,sources/raw/probfree.html,177
F27,Free groups,False,,,status_unverified,not_started,sources/raw/probfree.html,182
F28,Free groups,False,,,status_unverified,not_started,sources/raw/probfree.html,190
F29,Free groups,True,,(F29),prior_resolution_evidence_scope_check_needed,not_started,sources/raw/probfree.html,196
F30,Free groups,False,,,status_unverified,not_started,sources/raw/probfree.html,205
F31,Free groups,False,,,status_unverified,not_started,sources/raw/probfree.html,211
F32,Free groups,False,b,(F32b),prior_resolution_evidence_scope_check_needed,not_started,sources/raw/probfree.html,222
F33,Free groups,True,,(F33),prior_resolution_evidence_scope_check_needed,not_started,sources/raw/probfree.html,234
F34,Free groups,False,b,(F34(b)),prior_resolution_evidence_scope_check_needed,not_started,sources/raw/probfree.html,241
F35,Free groups,False,,,status_unverified,not_started,sources/raw/probfree.html,260
F36,Free groups,False,,,status_unverified,not_started,sources/raw/probfree.html,265
F37,Free groups,False,,,status_unverified,not_started,sources/raw/probfree.html,269
F38,Free groups,False,b,(F38(b)),prior_resolution_evidence_scope_check_needed,not_started,sources/raw/probfree.html,275
F39,Free groups,False,b,(F39(b)),prior_resolution_evidence_scope_check_needed,not_started,sources/raw/probfree.html,298
F40,Free groups,False,,,status_unverified,not_started,sources/raw/probfree.html,308
F41,Free groups,False,,,status_unverified,not_started,sources/raw/probfree.html,315
F42,Free groups,False,,,status_unverified,not_started,sources/raw/probfree.html,317
OR1,One-relator groups,True,,(OR1),prior_resolution_evidence_scope_check_needed,not_started,sources/raw/probone-rel.html,17
OR2,One-relator groups,False,,,status_unverified,not_started,sources/raw/probone-rel.html,20
OR3,One-relator groups,False,,,status_unverified,not_started,sources/raw/probone-rel.html,23
OR4,One-relator groups,False,,,status_unverified,not_started,sources/raw/probone-rel.html,28
OR5,One-relator groups,False,,,status_unverified,not_started,sources/raw/probone-rel.html,32
OR6,One-relator groups,False,,,status_unverified,not_started,sources/raw/probone-rel.html,35
OR7,One-relator groups,False,b,(OR7)(b),prior_resolution_evidence_scope_check_needed,not_started,sources/raw/probone-rel.html,40
OR8,One-relator groups,False,,,status_unverified,not_started,sources/raw/probone-rel.html,49
OR9,One-relator groups,True,,(OR9),prior_resolution_evidence_scope_check_needed,not_started,sources/raw/probone-rel.html,52
OR10,One-relator groups,False,,,status_unverified,not_started,sources/raw/probone-rel.html,56
OR11,One-relator groups,False,,,status_unverified,not_started,sources/raw/probone-rel.html,59
OR12,One-relator groups,False,,,status_unverified,not_started,sources/raw/probone-rel.html,62
OR13,One-relator groups,False,,,status_unverified,not_started,sources/raw/probone-rel.html,65
OR14,One-relator groups,False,,,status_unverified,not_started,sources/raw/probone-rel.html,72
OR15,One-relator groups,False,,,status_unverified,not_started,sources/raw/probone-rel.html,75
OR16,One-relator groups,True,,(OR16),prior_resolution_evidence_scope_check_needed,not_started,sources/raw/probone-rel.html,79
FP1,Finitely presented groups,False,,,status_unverified,not_started,sources/raw/probFP.html,20
FP2,Finitely presented groups,False,,,status_unverified,not_started,sources/raw/probFP.html,24
FP3,Finitely presented groups,True,,(FP3),prior_resolution_evidence_scope_check_needed,not_started,sources/raw/probFP.html,28
FP4,Finitely presented groups,True,,(FP4),prior_resolution_evidence_scope_check_needed,not_started,sources/raw/probFP.html,33
FP5,Finitely presented groups,False,,,status_unverified,not_started,sources/raw/probFP.html,41
FP6,Finitely presented groups,False,,,status_unverified,not_started,sources/raw/probFP.html,44
FP7,Finitely presented groups,True,,(FP7),prior_resolution_evidence_scope_check_needed,not_started,sources/raw/probFP.html,46
FP8,Finitely presented groups,True,,(FP8),prior_resolution_evidence_scope_check_needed,not_started,sources/raw/probFP.html,50
FP9,Finitely presented groups,False,,,status_unverified,not_started,sources/raw/probFP.html,54
FP10,Finitely presented groups,False,,,status_unverified,not_started,sources/raw/probFP.html,57
FP11,Finitely presented groups,False,,,status_unverified,not_started,sources/raw/probFP.html,60
FP12,Finitely presented groups,False,,,status_unverified,not_started,sources/raw/probFP.html,63
FP13,Finitely presented groups,False,,,status_unverified,not_started,sources/raw/probFP.html,66
FP14,Finitely presented groups,True,,(FP14),prior_resolution_evidence_scope_check_needed,not_started,sources/raw/probFP.html,69
FP15,Finitely presented groups,True,,(FP15); (FP15),prior_resolution_evidence_scope_check_needed,not_started,sources/raw/probFP.html,78
FP16,Finitely presented groups,False,,,status_unverified,not_started,sources/raw/probFP.html,90
FP17,Finitely presented groups,False,,,status_unverified,not_started,sources/raw/probFP.html,93
FP18,Finitely presented groups,True,,(FP18),prior_resolution_evidence_scope_check_needed,not_started,sources/raw/probFP.html,96
FP19,Finitely presented groups,False,,,status_unverified,not_started,sources/raw/probFP.html,102
FP20,Finitely presented groups,True,,(FP20),prior_resolution_evidence_scope_check_needed,not_started,sources/raw/probFP.html,107
FP21,Finitely presented groups,False,,,status_unverified,not_started,sources/raw/probFP.html,113
FP22,Finitely presented groups,False,,,status_unverified,not_started,sources/raw/probFP.html,120
FP23,Finitely presented groups,False,,,status_unverified,not_started,sources/raw/probFP.html,124
FP24,Finitely presented groups,False,,,status_unverified,not_started,sources/raw/probFP.html,131
B1,Mapping class groups,True,,(B1); (B1),prior_resolution_evidence_scope_check_needed,not_started,sources/raw/probBr.html,18
B2,Mapping class groups,False,,,status_unverified,not_started,sources/raw/probBr.html,21
B3,Mapping class groups,False,,,status_unverified,not_started,sources/raw/probBr.html,24
B4,Mapping class groups,False,,,status_unverified,not_started,sources/raw/probBr.html,28
B5,Mapping class groups,False,b,(B5)(b),prior_resolution_evidence_scope_check_needed,not_started,sources/raw/probBr.html,31
B6,Mapping class groups,True,,"(B6)(a), (b); (B6)(a), (b)",prior_resolution_evidence_scope_check_needed,not_started,sources/raw/probBr.html,37
B7,Mapping class groups,True,,(B7); (B7)(a),prior_resolution_evidence_scope_check_needed,not_started,sources/raw/probBr.html,44
B8,Mapping class groups,False,,,status_unverified,not_started,sources/raw/probBr.html,51
B9,Mapping class groups,False,,,status_unverified,not_started,sources/raw/probBr.html,59
B10,Mapping class groups,True,,(B10),prior_resolution_evidence_scope_check_needed,not_started,sources/raw/probBr.html,65
B11,Mapping class groups,False,,,status_unverified,not_started,sources/raw/probBr.html,70
B12,Mapping class groups,False,,,status_unverified,not_started,sources/raw/probBr.html,75
B13,Mapping class groups,False,,,status_unverified,not_started,sources/raw/probBr.html,79
G1,Growth,False,,,status_unverified,not_started,sources/raw/probgrowth.html,16
G2,Growth,False,,,status_unverified,not_started,sources/raw/probgrowth.html,21
G3,Growth,True,,(G3); (G3),prior_resolution_evidence_scope_check_needed,not_started,sources/raw/probgrowth.html,28
G4,Growth,True,,(G4),prior_resolution_evidence_scope_check_needed,not_started,sources/raw/probgrowth.html,35
G5,Growth,False,,,status_unverified,not_started,sources/raw/probgrowth.html,39
G6,Growth,False,,,status_unverified,not_started,sources/raw/probgrowth.html,44
G7,Growth,False,,,status_unverified,not_started,sources/raw/probgrowth.html,48
G8,Growth,True,,(G8),prior_resolution_evidence_scope_check_needed,not_started,sources/raw/probgrowth.html,53
G9,Growth,False,,,status_unverified,not_started,sources/raw/probgrowth.html,61
G10,Growth,False,,,status_unverified,not_started,sources/raw/probgrowth.html,64
G11,Growth,False,,,status_unverified,not_started,sources/raw/probgrowth.html,67
E1,Equations in and over groups,False,,,status_unverified,not_started,sources/raw/probeq.html,14
E2,Equations in and over groups,False,,,status_unverified,not_started,sources/raw/probeq.html,16
E3,Equations in and over groups,True,,(E3),prior_resolution_evidence_scope_check_needed,not_started,sources/raw/probeq.html,21
E4,Equations in and over groups,False,,,status_unverified,not_started,sources/raw/probeq.html,26
E5,Equations in and over groups,False,,,status_unverified,not_started,sources/raw/probeq.html,33
E6,Equations in and over groups,False,,,status_unverified,not_started,sources/raw/probeq.html,38
A1,Algorithmic problems,False,,,status_unverified,not_started,sources/raw/probalg.html,16
A2,Algorithmic problems,True,,(A2),prior_resolution_evidence_scope_check_needed,not_started,sources/raw/probalg.html,19
A3,Algorithmic problems,False,,,status_unverified,not_started,sources/raw/probalg.html,22
A4,Algorithmic problems,False,,,status_unverified,not_started,sources/raw/probalg.html,25
A5,Algorithmic problems,False,,,status_unverified,not_started,sources/raw/probalg.html,30
A6,Algorithmic problems,False,,,status_unverified,not_started,sources/raw/probalg.html,34
C1,Complexity of algorithms,True,,(C1),prior_resolution_evidence_scope_check_needed,not_started,sources/raw/probcomplex.html,18
C2,Complexity of algorithms,False,,,status_unverified,not_started,sources/raw/probcomplex.html,23
C3,Complexity of algorithms,True,,(C3),prior_resolution_evidence_scope_check_needed,not_started,sources/raw/probcomplex.html,29
C4,Complexity of algorithms,False,,,status_unverified,not_started,sources/raw/probcomplex.html,33
MA1,Groups of matrices,False,,,status_unverified,not_started,sources/raw/probmat.html,13
MA2,Groups of matrices,True,,(MA2),prior_resolution_evidence_scope_check_needed,not_started,sources/raw/probmat.html,17
MA3,Groups of matrices,False,,,status_unverified,not_started,sources/raw/probmat.html,22
MA4,Groups of matrices,False,,,status_unverified,not_started,sources/raw/probmat.html,29
MA5,Groups of matrices,False,,,status_unverified,not_started,sources/raw/probmat.html,32
MA6,Groups of matrices,False,,,status_unverified,not_started,sources/raw/probmat.html,36
MA7,Groups of matrices,False,,,status_unverified,not_started,sources/raw/probmat.html,42
H1,Hyperbolic and automatic groups,False,,,status_unverified,not_started,sources/raw/probhyp.html,15
H2,Hyperbolic and automatic groups,True,,(H2),prior_resolution_evidence_scope_check_needed,not_started,sources/raw/probhyp.html,20
H3,Hyperbolic and automatic groups,True,,(H3),prior_resolution_evidence_scope_check_needed,not_started,sources/raw/probhyp.html,24
H4,Hyperbolic and automatic groups,False,,,status_unverified,not_started,sources/raw/probhyp.html,27
H5,Hyperbolic and automatic groups,False,,,status_unverified,not_started,sources/raw/probhyp.html,31
H6,Hyperbolic and automatic groups,False,,,status_unverified,not_started,sources/raw/probhyp.html,34
H7,Hyperbolic and automatic groups,False,,,status_unverified,not_started,sources/raw/probhyp.html,36
H8,Hyperbolic and automatic groups,False,,,status_unverified,not_started,sources/raw/probhyp.html,39
H9,Hyperbolic and automatic groups,False,,,status_unverified,not_started,sources/raw/probhyp.html,42
H10,Hyperbolic and automatic groups,False,,,status_unverified,not_started,sources/raw/probhyp.html,45
H11,Hyperbolic and automatic groups,False,,,status_unverified,not_started,sources/raw/probhyp.html,48
H12,Hyperbolic and automatic groups,False,,,status_unverified,not_started,sources/raw/probhyp.html,51
H13,Hyperbolic and automatic groups,False,,,status_unverified,not_started,sources/raw/probhyp.html,56
H14,Hyperbolic and automatic groups,True,,(H14),prior_resolution_evidence_scope_check_needed,not_started,sources/raw/probhyp.html,58
H15,Hyperbolic and automatic groups,False,,,status_unverified,not_started,sources/raw/probhyp.html,64
H16,Hyperbolic and automatic groups,False,,,status_unverified,not_started,sources/raw/probhyp.html,68
H17,Hyperbolic and automatic groups,False,,,status_unverified,not_started,sources/raw/probhyp.html,71
H18,Hyperbolic and automatic groups,False,,,status_unverified,not_started,sources/raw/probhyp.html,74
N1,Nilpotent groups,True,,(N1); (N1); (N1),prior_resolution_evidence_scope_check_needed,not_started,sources/raw/probnil.html,12
N2,Nilpotent groups,True,,(N2),prior_resolution_evidence_scope_check_needed,not_started,sources/raw/probnil.html,17
N3,Nilpotent groups,False,,,status_unverified,not_started,sources/raw/probnil.html,21
N4,Nilpotent groups,False,,,status_unverified,not_started,sources/raw/probnil.html,24
N5,Nilpotent groups,False,,,status_unverified,not_started,sources/raw/probnil.html,30
N6,Nilpotent groups,False,,,status_unverified,not_started,sources/raw/probnil.html,33
N7,Nilpotent groups,False,,,status_unverified,not_started,sources/raw/probnil.html,38
N8,Nilpotent groups,False,a,(N8a),prior_resolution_evidence_scope_check_needed,not_started,sources/raw/probnil.html,42
N9,Nilpotent groups,False,b,(N9b),prior_resolution_evidence_scope_check_needed,not_started,sources/raw/probnil.html,49
M0,Metabelian groups,False,,,status_unverified,not_started,sources/raw/probmet.html,12
M1,Metabelian groups,False,,,status_unverified,not_started,sources/raw/probmet.html,16
M2,Metabelian groups,False,,,status_unverified,not_started,sources/raw/probmet.html,19
M3,Metabelian groups,False,,,status_unverified,not_started,sources/raw/probmet.html,23
M4,Metabelian groups,False,,,status_unverified,not_started,sources/raw/probmet.html,26
M5,Metabelian groups,False,,,status_unverified,not_started,sources/raw/probmet.html,29
M6,Metabelian groups,True,,(M6),prior_resolution_evidence_scope_check_needed,not_started,sources/raw/probmet.html,35
M7,Metabelian groups,True,,(M7),prior_resolution_evidence_scope_check_needed,not_started,sources/raw/probmet.html,40
S1,Solvable groups,False,,,status_unverified,not_started,sources/raw/probsol.html,17
S2,Solvable groups,False,,,status_unverified,not_started,sources/raw/probsol.html,21
S3,Solvable groups,False,,,status_unverified,not_started,sources/raw/probsol.html,26
S4,Solvable groups,False,,,status_unverified,not_started,sources/raw/probsol.html,30
S5,Solvable groups,False,,,status_unverified,not_started,sources/raw/probsol.html,35
S6,Solvable groups,False,,,status_unverified,not_started,sources/raw/probsol.html,38
S7,Solvable groups,False,,,status_unverified,not_started,sources/raw/probsol.html,41
S8,Solvable groups,False,,,status_unverified,not_started,sources/raw/probsol.html,45
S9,Solvable groups,True,,(S9); (S9),prior_resolution_evidence_scope_check_needed,not_started,sources/raw/probsol.html,48
GA1,Group actions,False,,,status_unverified,not_started,sources/raw/probact.html,13
GA2,Group actions,False,,,status_unverified,not_started,sources/raw/probact.html,16
GA3,Group actions,False,,,status_unverified,not_started,sources/raw/probact.html,19
GA4,Group actions,False,,,status_unverified,not_started,sources/raw/probact.html,25
GA5,Group actions,False,,,status_unverified,not_started,sources/raw/probact.html,31
